repeat,method,noise_mult,pi_s,rank,mape,aic,rss,beta_ranks,beta_dim
0,clean,0,0.0,"[2, 2, 3]",,inf,,None,
0,clean,0,0.0,"[3, 3, 4]",0.07502886496537982,-119.73158036191089,0.1007083725352096,"(3, 3, 2)",18.0
0,clean,0,0.0,"[4, 4, 5]",0.07153185979504285,-112.44133364770897,0.0978791007752704,"(3, 3, 3)",27.0
0,clean,0,0.0,"[5, 5, 6]",0.1402590299271018,15.8766046048639,0.3434467309680084,"(4, 4, 5)",80.0
0,clean,0,0.0,"[6, 6, 7]",1.1265649547493204,353.70538115445646,29.817327549106572,"(5, 5, 6)",150.0
0,clean,0,0.0,"[7, 7, 9]",0.9371701621681839,432.1617424314033,20.139754694272654,"(6, 6, 7)",252.0
0,clean,0,0.0,"[8, 8, 9]",11.503532626555945,820.7653436878388,2871.976443844993,"(7, 7, 7)",343.0
0,clean,0,0.0,"[9, 9, 11]",26.749439465102224,1159.7180315754408,16791.596964767614,"(8, 8, 9)",576.0
0,clean,0,0.0,"[10, 10, 11]",22.352212130519952,1275.02994039659,8959.762568887976,"(9, 9, 9)",729.0
0,baseline,2,0.1,"[2, 2, 3]",,inf,,None,
0,baseline,2,0.1,"[3, 3, 4]",0.059924490719397226,-140.86855688676772,0.07080615964394334,"(3, 2, 3)",18.0
0,baseline,2,0.1,"[4, 4, 5]",0.06681298977655283,-113.79630094058913,0.08236414949571703,"(3, 3, 4)",36.0
0,baseline,2,0.1,"[5, 5, 6]",0.7053866440887296,241.92701878708752,10.64883304719061,"(5, 4, 5)",100.0
0,baseline,2,0.1,"[6, 6, 7]",20.572351678849774,699.0062465739019,9415.420563073516,"(5, 5, 6)",150.0
0,baseline,2,0.1,"[7, 7, 9]",7.308273903701713,672.1008702830161,1098.478337309091,"(6, 6, 7)",252.0
0,baseline,2,0.1,"[8, 8, 9]",13.054988968497442,832.6525786743105,3501.253447557186,"(7, 7, 7)",343.0
0,baseline,2,0.1,"[9, 9, 11]",5.167955950611536,961.0250552708537,612.2154447782043,"(8, 8, 9)",576.0
0,baseline,2,0.1,"[10, 10, 11]",21.837115307308935,1119.698398387705,8618.272806699633,"(8, 8, 9)",576.0
0,baseline,2,0.3,"[2, 2, 3]",0.08669697135551628,-103.48719911441135,0.1559655724922638,"(2, 2, 2)",8.0
0,baseline,2,0.3,"[3, 3, 4]",0.06938627414701364,-117.72591858227338,0.0896270019781765,"(3, 3, 3)",27.0
0,baseline,2,0.3,"[4, 4, 5]",0.06601710795687031,-119.17723500236252,0.08748505938887806,"(3, 3, 3)",27.0
0,baseline,2,0.3,"[5, 5, 6]",0.35156403567687616,148.65569408447507,2.2499955416854927,"(5, 4, 5)",100.0
0,baseline,2,0.3,"[6, 6, 7]",0.48133391677026743,239.54755943710396,4.448021203681891,"(5, 5, 6)",150.0
0,baseline,2,0.3,"[7, 7, 9]",0.366613018832678,302.4854084834606,2.3196666145431544,"(6, 6, 7)",252.0
0,baseline,2,0.3,"[8, 8, 9]",1.09741351122761,448.3782739300428,26.389632697356284,"(6, 6, 7)",252.0
0,baseline,2,0.3,"[9, 9, 11]",0.948667664418635,628.6998205036427,22.835819679100812,"(7, 7, 9)",441.0
0,baseline,2,0.3,"[10, 10, 11]",1.1700971736700025,781.4006517034844,30.67181623707723,"(8, 8, 9)",576.0
0,baseline,10,0.1,"[2, 2, 3]",0.06697823547553401,-131.94324463680036,0.0970637392494868,"(2, 2, 2)",8.0
0,baseline,10,0.1,"[3, 3, 4]",0.05074281355261625,-164.8352993260846,0.047489103760699494,"(2, 3, 3)",18.0
0,baseline,10,0.1,"[4, 4, 5]",0.055385693219428815,-136.7456253051419,0.05618565773560724,"(3, 3, 4)",36.0
0,baseline,10,0.1,"[5, 5, 6]",0.09929842262187524,-16.77486902797321,0.19930589298231355,"(4, 4, 5)",80.0
0,baseline,10,0.1,"[6, 6, 7]",0.2010844222768607,128.0883198394784,0.6940615252255531,"(5, 5, 6)",150.0
0,baseline,10,0.1,"[7, 7, 9]",0.5219906568488385,352.51199955433276,5.339862975222646,"(6, 6, 7)",252.0
0,baseline,10,0.1,"[8, 8, 9]",2.0929823290951246,623.4951877178621,107.22396688081736,"(7, 7, 7)",343.0
0,baseline,10,0.1,"[9, 9, 11]",1.7506230377115732,689.4639747323549,62.86982038973744,"(7, 7, 9)",441.0
0,baseline,10,0.1,"[10, 10, 11]",0.9947789536048747,751.5695478466777,18.655838078000603,"(8, 8, 9)",576.0
0,baseline,10,0.3,"[2, 2, 3]",0.07624532470627052,-124.01754823693028,0.11077075643294484,"(2, 2, 2)",8.0
0,baseline,10,0.3,"[3, 3, 4]",0.06650588266424605,-129.5558928190289,0.08549777897160268,"(2, 3, 3)",18.0
0,baseline,10,0.3,"[4, 4, 5]",0.051791950976921804,-142.85153225090374,0.05074922810912128,"(3, 3, 4)",36.0
0,baseline,10,0.3,"[5, 5, 6]",2.129475902922035,373.01287203743294,94.65271235783621,"(4, 5, 5)",100.0
0,baseline,10,0.3,"[6, 6, 7]",0.13335438105380484,77.9705227216096,0.3010462751610491,"(5, 5, 6)",150.0
0,baseline,10,0.3,"[7, 7, 9]",0.2679196818948591,271.66433382144913,1.3878265593333183,"(6, 6, 7)",252.0
0,baseline,10,0.3,"[8, 8, 9]",0.46730798428047626,331.30237578380036,3.7498140911622553,"(6, 6, 7)",252.0
0,baseline,10,0.3,"[9, 9, 11]",1.070496265700754,699.5465945350941,26.026360997793653,"(8, 7, 9)",504.0
0,baseline,10,0.3,"[10, 10, 11]",0.5139457605217121,671.8921894689838,4.944140597795149,"(8, 8, 9)",576.0
1,clean,0,0.0,"[2, 2, 3]",0.12153288401780689,-69.34959930399785,0.25773414912491344,"(2, 2, 3)",12.0
1,clean,0,0.0,"[3, 3, 4]",0.08054298134358796,-100.17632576036743,0.120078998815256,"(3, 3, 3)",27.0
1,clean,0,0.0,"[4, 4, 5]",0.0785056835107325,-119.36236911743387,0.10132999421385583,"(3, 3, 2)",18.0
1,clean,0,0.0,"[5, 5, 6]",0.3256165736061268,117.08652808769483,1.8554157621065748,"(4, 4, 5)",80.0
1,clean,0,0.0,"[6, 6, 7]",2.8759263821853476,460.8598698318879,177.86019681286538,"(5, 5, 6)",150.0
1,clean,0,0.0,"[7, 7, 9]",0.6234790823916896,408.06707774221456,7.397321404890529,"(6, 6, 8)",288.0
1,clean,0,0.0,"[8, 8, 9]",7.558219098771603,809.064293205158,1044.2681179385486,"(7, 7, 8)",392.0
1,clean,0,0.0,"[9, 9, 11]",2.514741868498611,862.3761570561753,118.26595578784988,"(8, 8, 9)",576.0
1,clean,0,0.0,"[10, 10, 11]",2.764790900324863,1039.231487741779,176.00718106233163,"(9, 9, 9)",729.0
1,baseline,2,0.1,"[2, 2, 3]",,inf,,None,
1,baseline,2,0.1,"[3, 3, 4]",0.08885708353997476,-90.86775429074093,0.14023123062619003,"(3, 3, 3)",27.0
1,baseline,2,0.1,"[4, 4, 5]",0.07808237674383371,-100.23203511352918,0.10325703451573268,"(3, 3, 4)",36.0
1,baseline,2,0.1,"[5, 5, 6]",0.2990631807336775,133.6462242981959,1.7520217467574075,"(5, 4, 5)",100.0
1,baseline,2,0.1,"[6, 6, 7]",0.2700889344733602,158.9245862916722,1.1603748562565177,"(5, 5, 6)",150.0
1,baseline,2,0.1,"[7, 7, 9]",4.827907302536344,621.5568968741046,473.088093136539,"(6, 6, 7)",252.0
1,baseline,2,0.1,"[8, 8, 9]",2.433967061590428,625.6564137480144,111.1566234839428,"(7, 7, 7)",343.0
1,baseline,2,0.1,"[9, 9, 11]",15.031523087067747,1017.8110050172896,4583.340678260228,"(8, 8, 8)",512.0
1,baseline,2,0.1,"[10, 10, 11]",3.7099024997686723,914.5488229441908,282.16172018673757,"(8, 8, 9)",576.0
1,baseline,2,0.3,"[2, 2, 3]",0.06685392983035592,-134.78097657043688,0.09257992598587446,"(2, 2, 2)",8.0
1,baseline,2,0.3,"[3, 3, 4]",0.07520582597720805,-106.10597743494571,0.1087794373628194,"(3, 3, 3)",27.0
1,baseline,2,0.3,"[4, 4, 5]",0.07863695580759147,-95.19375402259462,0.11230211689679379,"(3, 3, 4)",36.0
1,baseline,2,0.3,"[5, 5, 6]",0.21162206511248,117.9985398433864,0.8898601151389787,"(5, 5, 5)",125.0
1,baseline,2,0.3,"[6, 6, 7]",4.0949846339083065,506.0576468591734,377.7732373134168,"(5, 5, 6)",150.0
1,baseline,2,0.3,"[7, 7, 9]",1.7552580264894884,500.1432396012237,62.53464105135119,"(6, 6, 7)",252.0
1,baseline,2,0.3,"[8, 8, 9]",1.6871613727247217,589.6677762038739,61.015602087647636,"(7, 7, 7)",343.0
1,baseline,2,0.3,"[9, 9, 11]",9.763076031266229,960.4731693322333,1762.6133103917155,"(8, 8, 8)",512.0
1,baseline,2,0.3,"[10, 10, 11]",2.3180863730576777,857.3027945988329,108.67697063312768,"(8, 8, 9)",576.0
1,baseline,10,0.1,"[2, 2, 3]",0.10270061992403723,-103.19572155895192,0.15672509024848305,"(2, 2, 2)",8.0
1,baseline,10,0.1,"[3, 3, 4]",0.07364394386721923,-129.4407720620934,0.0946711282654596,"(2, 2, 3)",12.0
1,baseline,10,0.1,"[4, 4, 5]",0.07671567683923658,-82.59687158557222,0.11342487829571014,"(4, 3, 4)",48.0
1,baseline,10,0.1,"[5, 5, 6]",0.1685953238853764,41.36225595138775,0.525207214061922,"(4, 4, 5)",80.0
1,baseline,10,0.1,"[6, 6, 7]",0.3137854373516555,183.11462435386883,1.7365673995542663,"(5, 5, 6)",150.0
1,baseline,10,0.1,"[7, 7, 9]",0.5471496814702019,348.9900629673292,5.035440699025214,"(6, 6, 7)",252.0
1,baseline,10,0.1,"[8, 8, 9]",0.8056221513793455,440.19597378337164,11.434093647295109,"(6, 7, 7)",294.0
1,baseline,10,0.1,"[9, 9, 11]",0.5811431494234484,610.0467214247384,5.855874568282653,"(7, 8, 9)",504.0
1,baseline,10,0.1,"[10, 10, 11]",0.7072924506705829,775.939464118723,8.43444909423904,"(8, 9, 9)",648.0
1,baseline,10,0.3,"[2, 2, 3]",0.08955296459224994,-113.92197074917708,0.13106880746910177,"(2, 2, 2)",8.0
1,baseline,10,0.3,"[3, 3, 4]",0.059195727185261365,-145.0339946189223,0.056856015908813534,"(3, 3, 3)",27.0
1,baseline,10,0.3,"[4, 4, 5]",0.045071461493282144,-160.8646712252386,0.037587720899135764,"(3, 3, 4)",36.0
1,baseline,10,0.3,"[5, 5, 6]",0.10164620889935451,-3.940352475439255,0.1768701895360182,"(5, 4, 5)",100.0
1,baseline,10,0.3,"[6, 6, 7]",1.0571374258993367,340.3841579338946,23.88066889709531,"(5, 5, 6)",150.0
1,baseline,10,0.3,"[7, 7, 9]",0.5173040376994202,336.6341662068324,4.098288455929432,"(6, 6, 7)",252.0
1,baseline,10,0.3,"[8, 8, 9]",0.19715400692105686,322.5538058769001,0.7112225402273076,"(7, 7, 7)",343.0
1,baseline,10,0.3,"[9, 9, 11]",0.6026610773976088,684.0713997647315,6.056850806298326,"(8, 8, 9)",576.0
1,baseline,10,0.3,"[10, 10, 11]",1.0917816844515396,767.8363744220529,24.465718848362044,"(8, 8, 9)",576.0
2,clean,0,0.0,"[2, 2, 3]",,inf,,None,
2,clean,0,0.0,"[3, 3, 4]",0.06392584861809286,-143.83948367077596,0.06738554648882132,"(3, 3, 2)",18.0
2,clean,0,0.0,"[4, 4, 5]",0.08461787873620197,-95.08822502287023,0.13070613101557788,"(3, 3, 3)",27.0
2,clean,0,0.0,"[5, 5, 6]",0.17785249743710052,40.597249332464536,0.5185532735235598,"(4, 4, 5)",80.0
2,clean,0,0.0,"[6, 6, 7]",1.555832024406682,421.5061518082266,55.98604874463353,"(5, 6, 6)",180.0
2,clean,0,0.0,"[7, 7, 9]",24.69966259741223,807.2107920046643,10441.183322470002,"(6, 6, 7)",252.0
2,clean,0,0.0,"[8, 8, 9]",16.67612714592413,855.7771301448979,5147.598130368626,"(7, 7, 7)",343.0
2,clean,0,0.0,"[9, 9, 11]",88.5555006315405,1281.5411480191187,127901.93719894787,"(8, 8, 9)",576.0
2,clean,0,0.0,"[10, 10, 11]",4.463978021915452,1089.2191721264858,404.9051607816568,"(9, 9, 9)",729.0
2,baseline,2,0.1,"[2, 2, 3]",0.1330788547182597,-56.42878379683995,0.34170309464747634,"(2, 2, 2)",8.0
2,baseline,2,0.1,"[3, 3, 4]",0.0829040958760169,-108.76659125488041,0.12090181356761018,"(2, 3, 3)",18.0
2,baseline,2,0.1,"[4, 4, 5]",0.08935127193346606,-76.71279624064789,0.15281204084529926,"(3, 3, 4)",36.0
2,baseline,2,0.1,"[5, 5, 6]",1.3680862143270678,325.0077849660944,42.52659944435881,"(5, 4, 5)",100.0
2,baseline,2,0.1,"[6, 6, 7]",0.5739545679698796,253.258369282065,5.589963856298997,"(5, 5, 6)",150.0
2,baseline,2,0.1,"[7, 7, 9]",6.1951326553133415,646.3586667482627,715.2588075527207,"(6, 6, 7)",252.0
2,baseline,2,0.1,"[8, 8, 9]",0.8745688414968776,501.4070148217281,14.014842038928416,"(7, 7, 7)",343.0
2,baseline,2,0.1,"[9, 9, 11]",5.35397032816461,957.8388767771696,580.5531056875144,"(8, 8, 9)",576.0
2,baseline,2,0.1,"[10, 10, 11]",25.438095961302547,1143.2276233514085,12756.468082271742,"(8, 8, 9)",576.0
2,baseline,2,0.3,"[2, 2, 3]",,inf,,None,
2,baseline,2,0.3,"[3, 3, 4]",0.059218109395355004,-141.01595500789307,0.06079389435786745,"(3, 3, 3)",27.0
2,baseline,2,0.3,"[4, 4, 5]",0.0499999850344178,-134.36837487153767,0.04786010921550947,"(3, 4, 4)",48.0
2,baseline,2,0.3,"[5, 5, 6]",0.653192665234442,226.45037652981358,8.227698068434389,"(5, 4, 5)",100.0
2,baseline,2,0.3,"[6, 6, 7]",0.34329960515009683,199.12746225658708,2.267756547223374,"(5, 5, 6)",150.0
2,baseline,2,0.3,"[7, 7, 9]",5.70878563938822,602.5413871559125,627.8846382869536,"(6, 6, 6)",216.0
2,baseline,2,0.3,"[8, 8, 9]",0.9444461225149053,514.0897273183772,17.313654286376483,"(7, 7, 7)",343.0
2,baseline,2,0.3,"[9, 9, 11]",3.673167865255802,727.7692397520949,269.3883438238729,"(7, 7, 8)",392.0
2,baseline,2,0.3,"[10, 10, 11]",66.34271109186392,1189.7857499110014,80533.55148302016,"(8, 8, 8)",512.0
2,baseline,10,0.1,"[2, 2, 3]",0.06007015169718696,-151.19499801594276,0.06588024639651291,"(2, 2, 3)",12.0
2,baseline,10,0.1,"[3, 3, 4]",0.056787492825840974,-165.7862085170039,0.0516583477345869,"(2, 2, 3)",12.0
2,baseline,10,0.1,"[4, 4, 5]",0.04986788778778292,-135.65242383813523,0.046846745896187154,"(4, 3, 4)",48.0
2,baseline,10,0.1,"[5, 5, 6]",0.10799927189080942,-11.957430643559846,0.21596825621633944,"(4, 4, 5)",80.0
2,baseline,10,0.1,"[6, 6, 7]",1.1078421197706427,345.40675645762315,25.96577369056523,"(5, 5, 6)",150.0
2,baseline,10,0.1,"[7, 7, 9]",1.196209198789415,459.16680149266153,31.588086021896732,"(6, 6, 7)",252.0
2,baseline,10,0.1,"[8, 8, 9]",1.6759799544614369,590.8504850650727,62.23026255950829,"(7, 7, 7)",343.0
2,baseline,10,0.1,"[9, 9, 11]",0.9030280269765355,680.4127253538037,18.919858585000245,"(8, 7, 9)",504.0
2,baseline,10,0.1,"[10, 10, 11]",1.0553086044019713,766.9341613457007,24.100582791601287,"(8, 8, 9)",576.0
2,baseline,10,0.3,"[2, 2, 3]",0.07245457937415983,-130.49005319642436,0.09944330926969433,"(2, 2, 2)",8.0
2,baseline,10,0.3,"[3, 3, 4]",0.049601229477001456,-159.33165158953815,0.044800878674103206,"(3, 3, 3)",27.0
2,baseline,10,0.3,"[4, 4, 5]",0.03690274294027036,-165.75203267148294,0.02836685542513307,"(4, 3, 4)",48.0
2,baseline,10,0.3,"[5, 5, 6]",0.2950309685121344,130.6844549186452,1.667636879303272,"(4, 5, 5)",100.0
2,baseline,10,0.3,"[6, 6, 7]",0.10031438895723452,44.01572773424628,0.17094651695218602,"(5, 5, 6)",150.0
2,baseline,10,0.3,"[7, 7, 9]",1.9823344092576547,515.4112305556354,80.6555143383737,"(6, 6, 7)",252.0
2,baseline,10,0.3,"[8, 8, 9]",0.5777434427750261,502.41247287078437,6.297847328889204,"(7, 7, 8)",392.0
2,baseline,10,0.3,"[9, 9, 11]",1.7471455132610643,818.7158556367016,57.12628026541841,"(8, 8, 9)",576.0
2,baseline,10,0.3,"[10, 10, 11]",0.36319813478566776,630.7018532983499,2.4885433890082758,"(8, 8, 9)",576.0
3,clean,0,0.0,"[2, 2, 3]",0.049965086417916714,-180.3365949238628,0.043328561229541145,"(2, 2, 2)",8.0
3,clean,0,0.0,"[3, 3, 4]",0.038054713478892256,-199.0138223543943,0.0268659111570094,"(3, 3, 2)",18.0
3,clean,0,0.0,"[4, 4, 5]",0.03420237990538539,-207.3629640001126,0.023375907056552295,"(3, 3, 2)",18.0
3,clean,0,0.0,"[5, 5, 6]",0.18283324646345336,50.95787333777998,0.6162913574660531,"(4, 4, 5)",80.0
3,clean,0,0.0,"[6, 6, 7]",1.6148507761245827,395.6209274451275,59.96026687362359,"(5, 5, 6)",150.0
3,clean,0,0.0,"[7, 7, 9]",9.814864208023359,710.8502393277757,2095.408892639568,"(6, 6, 7)",252.0
3,clean,0,0.0,"[8, 8, 9]",7.2356146561648655,820.3092081044351,1259.521041317162,"(7, 7, 8)",392.0
3,clean,0,0.0,"[9, 9, 11]",1.9454954291961284,846.7853079464879,91.20306151632485,"(8, 8, 9)",576.0
3,clean,0,0.0,"[10, 10, 11]",21.444559311022303,1352.3155086299198,8421.909057855153,"(9, 9, 10)",810.0
3,baseline,2,0.1,"[2, 2, 3]",0.09117884278768097,-112.94410142471311,0.13322244570876557,"(2, 2, 2)",8.0
3,baseline,2,0.1,"[3, 3, 4]",0.0916653997040819,-102.6675550094345,0.13383789946188127,"(2, 3, 3)",18.0
3,baseline,2,0.1,"[4, 4, 5]",0.08303929806421824,-74.93871411076226,0.12886646465071047,"(3, 4, 4)",48.0
3,baseline,2,0.1,"[5, 5, 6]",0.1652104742474161,39.96176965017856,0.5130900879635089,"(4, 4, 5)",80.0
3,baseline,2,0.1,"[6, 6, 7]",1.4639306574143605,373.4219629009528,41.41732956120803,"(5, 5, 6)",150.0
3,baseline,2,0.1,"[7, 7, 9]",3.12865388597769,568.7541951894138,196.22002114368422,"(6, 6, 7)",252.0
3,baseline,2,0.1,"[8, 8, 9]",2.01602665989919,607.0878535094305,81.57021843208356,"(7, 7, 7)",343.0
3,baseline,2,0.1,"[9, 9, 11]",7.199973402160099,993.1891321564215,1046.4431354894984,"(8, 8, 9)",576.0
3,baseline,2,0.1,"[10, 10, 11]",1.871644319505922,903.6881196897068,70.9140557552294,"(9, 8, 9)",648.0
3,baseline,2,0.3,"[2, 2, 3]",,inf,,None,
3,baseline,2,0.3,"[3, 3, 4]",0.06858046334640608,-138.28823048963827,0.08732336821330992,"(2, 2, 2)",8.0
3,baseline,2,0.3,"[4, 4, 5]",0.06566142805671031,-94.3799873925276,0.07138507561094833,"(4, 4, 4)",64.0
3,baseline,2,0.3,"[5, 5, 6]",0.9006680121642582,254.69814625031165,13.174754197342564,"(5, 4, 5)",100.0
3,baseline,2,0.3,"[6, 6, 7]",0.6429017585192724,279.13571122134033,8.604298067370259,"(5, 5, 6)",150.0
3,baseline,2,0.3,"[7, 7, 9]",1.0126100140159482,432.80529049667797,20.356932317017574,"(6, 6, 7)",252.0
3,baseline,2,0.3,"[8, 8, 9]",56.92220937357956,996.3476784417505,53590.54723923768,"(7, 7, 7)",343.0
3,baseline,2,0.3,"[9, 9, 11]",3.8119402860542637,792.9924864614202,314.15131802161744,"(8, 7, 8)",448.0
3,baseline,2,0.3,"[10, 10, 11]",2.4537807085888375,867.5369101005606,128.88860467783675,"(8, 8, 9)",576.0
3,baseline,10,0.1,"[2, 2, 3]",,inf,,None,
3,baseline,10,0.1,"[3, 3, 4]",0.06071921566013415,-150.4846393528861,0.06666485859479278,"(2, 2, 3)",12.0
3,baseline,10,0.1,"[4, 4, 5]",0.04972929667764851,-152.92148691439624,0.04290823778279326,"(3, 3, 4)",36.0
3,baseline,10,0.1,"[5, 5, 6]",0.3338840235827155,119.02823742749564,1.9164425402685412,"(4, 4, 5)",80.0
3,baseline,10,0.1,"[6, 6, 7]",0.534843081574736,254.06922814491,5.66602115881094,"(5, 5, 6)",150.0
3,baseline,10,0.1,"[7, 7, 9]",0.5246431788779634,347.2717151801655,4.893275519681231,"(6, 6, 7)",252.0
3,baseline,10,0.1,"[8, 8, 9]",1.1224106148745607,582.4790784950063,23.918478238099173,"(7, 7, 8)",392.0
3,baseline,10,0.1,"[9, 9, 11]",0.6971267810631332,712.0152048865289,9.649634909687043,"(8, 8, 9)",576.0
3,baseline,10,0.1,"[10, 10, 11]",0.4144000155004477,718.6948068624752,3.248673571026441,"(9, 8, 9)",648.0
3,baseline,10,0.3,"[2, 2, 3]",0.08356594215436512,-119.80250586016702,0.11883233079536608,"(2, 2, 2)",8.0
3,baseline,10,0.3,"[3, 3, 4]",0.07423109271421888,-118.11148229511915,0.08905289990060822,"(3, 3, 3)",27.0
3,baseline,10,0.3,"[4, 4, 5]",0.05928960127142772,-117.16165786730986,0.06375585233724773,"(3, 4, 4)",48.0
3,baseline,10,0.3,"[5, 5, 6]",0.27850788531319387,117.70871795898864,1.3433215282067923,"(5, 4, 5)",100.0
3,baseline,10,0.3,"[6, 6, 7]",0.8222050830039398,305.386788724382,13.32683687152762,"(5, 5, 6)",150.0
3,baseline,10,0.3,"[7, 7, 9]",0.26576570201182287,264.7699477901523,1.2371773611055086,"(6, 6, 7)",252.0
3,baseline,10,0.3,"[8, 8, 9]",0.512528878212586,435.0267070566915,4.635659384580081,"(7, 7, 7)",343.0
3,baseline,10,0.3,"[9, 9, 11]",0.6271732902249678,620.1797216969106,6.933250112404265,"(8, 7, 9)",504.0
3,baseline,10,0.3,"[10, 10, 11]",0.48209391864086365,655.2956394929196,3.7493931174865898,"(8, 8, 9)",576.0
4,clean,0,0.0,"[2, 2, 3]",0.09010199277764284,-107.2408867777762,0.1370584073530737,"(2, 2, 3)",12.0
4,clean,0,0.0,"[3, 3, 4]",0.0729197749380806,-126.44245487419894,0.09005143716055802,"(3, 3, 2)",18.0
4,clean,0,0.0,"[4, 4, 5]",0.07109384555872339,-118.44063124181451,0.08856570963704988,"(3, 3, 3)",27.0
4,clean,0,0.0,"[5, 5, 6]",0.14368039945844052,17.543034840195446,0.35311926450252634,"(4, 4, 5)",80.0
4,clean,0,0.0,"[6, 6, 7]",4.771112680009879,550.844387004882,483.3493979899258,"(5, 6, 6)",180.0
4,clean,0,0.0,"[7, 7, 9]",5.4134062897088455,639.2141726255095,634.9647869661629,"(6, 6, 7)",252.0
4,clean,0,0.0,"[8, 8, 9]",26.69360501617937,962.0938245881835,13380.634353533878,"(7, 7, 8)",392.0
4,clean,0,0.0,"[9, 9, 11]",8.309869678260304,1011.887725826583,1429.093248883667,"(8, 8, 9)",576.0
4,clean,0,0.0,"[10, 10, 11]",7.322356981623255,1140.410616371588,950.3626097040674,"(9, 9, 9)",729.0
4,baseline,2,0.1,"[2, 2, 3]",,inf,,None,
4,baseline,2,0.1,"[3, 3, 4]",0.07020808356476846,-134.13797531878208,0.08754232205027848,"(2, 2, 3)",12.0
4,baseline,2,0.1,"[4, 4, 5]",0.092014427043266,-74.36044703734768,0.15892215561820416,"(3, 3, 4)",36.0
4,baseline,2,0.1,"[5, 5, 6]",3.2811756836937347,425.2208581015633,225.95765964700982,"(4, 5, 5)",100.0
4,baseline,2,0.1,"[6, 6, 7]",1.6531346585154567,397.6643313294245,62.03748849681236,"(5, 5, 6)",150.0
4,baseline,2,0.1,"[7, 7, 9]",19.195742901322692,789.5170125057083,7774.59678377678,"(6, 6, 7)",252.0
4,baseline,2,0.1,"[8, 8, 9]",4.170235617527231,643.7343468318998,339.9864556630801,"(7, 6, 7)",294.0
4,baseline,2,0.1,"[9, 9, 11]",43.52904830530937,1127.5564831605209,32617.62458393531,"(8, 7, 9)",504.0
4,baseline,2,0.1,"[10, 10, 11]",2.6412255712102364,948.6200691837182,149.95488563057228,"(9, 8, 9)",648.0
4,baseline,2,0.3,"[2, 2, 3]",,inf,,None,
4,baseline,2,0.3,"[3, 3, 4]",0.061937839066653275,-144.2706077475618,0.06690308969544147,"(3, 2, 3)",18.0
4,baseline,2,0.3,"[4, 4, 5]",0.06751480305705695,-78.59761500510615,0.09286328541135767,"(4, 4, 4)",64.0
4,baseline,2,0.3,"[5, 5, 6]",0.1424101282992489,42.80316302137778,0.38547435341030895,"(4, 5, 5)",100.0
4,baseline,2,0.3,"[6, 6, 7]",0.2778029249410946,177.8525733352659,1.5907562873833987,"(5, 5, 6)",150.0
4,baseline,2,0.3,"[7, 7, 9]",1.3480391905505538,472.1261029176453,39.20359226302833,"(6, 6, 7)",252.0
4,baseline,2,0.3,"[8, 8, 9]",2.0134433177555193,607.9697145803851,82.77796557011976,"(7, 7, 7)",343.0
4,baseline,2,0.3,"[9, 9, 11]",1.4100003161961892,676.8307574608094,50.93308051528346,"(7, 7, 9)",441.0
4,baseline,2,0.3,"[10, 10, 11]",1.1513053816317924,778.6625074004548,29.30354377536985,"(8, 8, 9)",576.0
4,baseline,10,0.1,"[2, 2, 3]",0.06895102729716189,-142.60926278388274,0.08125569404033528,"(2, 2, 2)",8.0
4,baseline,10,0.1,"[3, 3, 4]",0.06781364779046427,-128.40773155150376,0.07501037368641361,"(3, 3, 3)",27.0
4,baseline,10,0.1,"[4, 4, 5]",0.07482390241461526,-92.71683239649542,0.0958203169333735,"(4, 3, 4)",48.0
4,baseline,10,0.1,"[5, 5, 6]",0.20042174156683337,87.43718958261971,0.8110868232058396,"(4, 5, 5)",100.0
4,baseline,10,0.1,"[6, 6, 7]",0.26502159324076985,192.1101194838248,1.2236464872039,"(5, 6, 6)",180.0
4,baseline,10,0.1,"[7, 7, 9]",0.7579365310408249,395.28501234058257,10.892598686499769,"(6, 6, 7)",252.0
4,baseline,10,0.1,"[8, 8, 9]",0.5761883210061591,499.16159244490194,5.96570084037735,"(7, 7, 8)",392.0
4,baseline,10,0.1,"[9, 9, 11]",0.45833476891358294,651.8565982426036,3.5405307219972304,"(8, 8, 9)",576.0
4,baseline,10,0.1,"[10, 10, 11]",0.42653373527265814,647.7709132020026,3.3074645097002406,"(8, 8, 9)",576.0
4,baseline,10,0.3,"[2, 2, 3]",0.0823541597782337,-124.09427904787827,0.1106291881414802,"(2, 2, 2)",8.0
4,baseline,10,0.3,"[3, 3, 4]",0.06802563775632577,-118.99199620549427,0.0755319195361483,"(3, 3, 4)",36.0
4,baseline,10,0.3,"[4, 4, 5]",0.05148364170723817,-147.7338533598526,0.04678321055117314,"(3, 3, 4)",36.0
4,baseline,10,0.3,"[5, 5, 6]",0.10077691820042285,-23.238985584015765,0.17894983573050818,"(4, 4, 5)",80.0
4,baseline,10,0.3,"[6, 6, 7]",0.5685992550993978,252.64721369503033,5.533313901533527,"(5, 5, 6)",150.0
4,baseline,10,0.3,"[7, 7, 9]",0.3204835286612825,323.70381790272376,1.8131463148937605,"(6, 6, 8)",288.0
4,baseline,10,0.3,"[8, 8, 9]",0.3853659847739141,452.4869485759949,2.7404326505623513,"(7, 7, 8)",392.0
4,baseline,10,0.3,"[9, 9, 11]",2.900291218386504,899.5268890185035,219.66745112863288,"(8, 8, 9)",576.0
4,baseline,10,0.3,"[10, 10, 11]",0.48370710257921956,661.3036123186289,4.144270889784275,"(8, 8, 9)",576.0
