repeat,n_clients,check,agg,mode,pi_s,angle_deg,clean_client_residual
7817,8,heterogeneity,sum,none,0.0,2.091309789151873e-06,
7817,8,heterogeneity,median,none,0.0,5.255117969834248,
7817,8,heterogeneity,trimmed_mean,none,0.0,1.4633943458453191,
7817,8,heterogeneity,geometric_median,none,0.0,6.175342070809759,
7817,8,heterogeneity,krum,none,0.0,22.22572879703408,
7817,8,heterogeneity,multi_krum,none,0.0,4.109662317201854,
7817,8,robustness,sum,hot_block,0.6,1.0349380969214925,82.0490259783118
7817,8,robustness,median,hot_block,0.6,4.480420215878944,82.04902598439477
7817,8,robustness,trimmed_mean,hot_block,0.6,1.903330664484799,82.04902597830926
7817,8,robustness,geometric_median,hot_block,0.6,7.605914813802087,82.04902597831179
7817,8,robustness,krum,hot_block,0.6,27.859546700031583,82.04902597831176
7817,8,robustness,multi_krum,hot_block,0.6,4.3676445315959835,82.0490259783118
7817,8,robustness,sum,hot_block,1.0,1.2011151883686426,82.0490259783118
7817,8,robustness,median,hot_block,1.0,3.881893820547355,82.04902598475098
7817,8,robustness,trimmed_mean,hot_block,1.0,1.8252176075658733,82.04902597831175
7817,8,robustness,geometric_median,hot_block,1.0,8.261760685199658,82.0490259783118
7817,8,robustness,krum,hot_block,1.0,27.859546700031583,82.04902597831176
7817,8,robustness,multi_krum,hot_block,1.0,4.3676445315959835,82.0490259783118
52731,8,heterogeneity,sum,none,0.0,2.091309789151873e-06,
52731,8,heterogeneity,median,none,0.0,22.41788644643676,
52731,8,heterogeneity,trimmed_mean,none,0.0,1.1295670936729674,
52731,8,heterogeneity,geometric_median,none,0.0,12.38536763922183,
52731,8,heterogeneity,krum,none,0.0,38.56401318392723,
52731,8,heterogeneity,multi_krum,none,0.0,2.7516366210746224,
52731,8,robustness,sum,hot_block,0.6,0.9650835197998651,83.1844888525096
52731,8,robustness,median,hot_block,0.6,16.03565105042165,83.18448885252926
52731,8,robustness,trimmed_mean,hot_block,0.6,1.2192873909080324,83.18448885249147
52731,8,robustness,geometric_median,hot_block,0.6,15.460944630482764,83.18448885250959
52731,8,robustness,krum,hot_block,0.6,48.15822663687974,83.18448885250957
52731,8,robustness,multi_krum,hot_block,0.6,2.8198065481017904,83.18448885250959
52731,8,robustness,sum,hot_block,1.0,0.7424700890298369,83.18448885250959
52731,8,robustness,median,hot_block,1.0,17.524922103595095,83.18448885249337
52731,8,robustness,trimmed_mean,hot_block,1.0,1.1153125790074578,83.184488852509
52731,8,robustness,geometric_median,hot_block,1.0,15.335427335946168,83.18448885250957
52731,8,robustness,krum,hot_block,1.0,48.15822663687974,83.18448885250957
52731,8,robustness,multi_krum,hot_block,1.0,2.8198065481017904,83.18448885250959
51809,8,heterogeneity,sum,none,0.0,2.091309789151873e-06,
51809,8,heterogeneity,median,none,0.0,11.664703125594652,
51809,8,heterogeneity,trimmed_mean,none,0.0,1.9321678663796211,
51809,8,heterogeneity,geometric_median,none,0.0,13.545557093870192,
51809,8,heterogeneity,krum,none,0.0,41.37942463513334,
51809,8,heterogeneity,multi_krum,none,0.0,5.322314351909071,
51809,8,robustness,sum,hot_block,0.6,1.8901122061995799,82.36714092233763
51809,8,robustness,median,hot_block,0.6,10.457776364407193,82.3671409224428
51809,8,robustness,trimmed_mean,hot_block,0.6,3.1393519955119826,82.36714092233751
51809,8,robustness,geometric_median,hot_block,0.6,14.957820164961108,82.36714092233765
51809,8,robustness,krum,hot_block,0.6,43.94553533297695,82.36714092233757
51809,8,robustness,multi_krum,hot_block,0.6,6.038741916302508,82.36714092233764
51809,8,robustness,sum,hot_block,1.0,1.5984357371590954,82.36714092233763
51809,8,robustness,median,hot_block,1.0,9.834938156031303,82.36714091177855
51809,8,robustness,trimmed_mean,hot_block,1.0,3.090772566695668,82.36714092233763
51809,8,robustness,geometric_median,hot_block,1.0,15.131074477161079,82.36714092233767
51809,8,robustness,krum,hot_block,1.0,43.94553533297695,82.36714092233757
51809,8,robustness,multi_krum,hot_block,1.0,6.038741916302508,82.36714092233764
35457,8,heterogeneity,sum,none,0.0,2.831646840510158e-06,
35457,8,heterogeneity,median,none,0.0,54.19786087975939,
35457,8,heterogeneity,trimmed_mean,none,0.0,2.080419713175677,
35457,8,heterogeneity,geometric_median,none,0.0,14.842896793043435,
35457,8,heterogeneity,krum,none,0.0,24.745500667542167,
35457,8,heterogeneity,multi_krum,none,0.0,5.4435466179996235,
35457,8,robustness,sum,hot_block,0.6,0.5917055308933294,80.21855011922759
35457,8,robustness,median,hot_block,0.6,54.601044343208905,80.21855012596667
35457,8,robustness,trimmed_mean,hot_block,0.6,0.7686280090193788,80.21855011922727
35457,8,robustness,geometric_median,hot_block,0.6,21.248347591036282,80.21855011922796
35457,8,robustness,krum,hot_block,0.6,51.05914011389605,80.21855011922803
35457,8,robustness,multi_krum,hot_block,0.6,5.461799326396946,80.21855011922757
35457,8,robustness,sum,hot_block,1.0,0.7168348138357865,80.21855011922757
35457,8,robustness,median,hot_block,1.0,54.38287720410225,80.21855012101963
35457,8,robustness,trimmed_mean,hot_block,1.0,1.1644439180365307,80.21855011922756
35457,8,robustness,geometric_median,hot_block,1.0,20.474471530345767,80.2185501192279
35457,8,robustness,krum,hot_block,1.0,51.05914011389605,80.21855011922803
35457,8,robustness,multi_krum,hot_block,1.0,5.461799326396946,80.21855011922757
47644,8,heterogeneity,sum,none,0.0,2.699869328381916e-06,
47644,8,heterogeneity,median,none,0.0,12.478614461236619,
47644,8,heterogeneity,trimmed_mean,none,0.0,2.292740470644777,
47644,8,heterogeneity,geometric_median,none,0.0,6.525582375146935,
47644,8,heterogeneity,krum,none,0.0,24.4413256610628,
47644,8,heterogeneity,multi_krum,none,0.0,3.5352271132992037,
47644,8,robustness,sum,hot_block,0.6,0.8471518218721452,81.57299090985285
47644,8,robustness,median,hot_block,0.6,9.849005830938708,81.57299090852555
47644,8,robustness,trimmed_mean,hot_block,0.6,1.162718790706728,81.57299090985532
47644,8,robustness,geometric_median,hot_block,0.6,17.43208355977582,81.57299090985359
47644,8,robustness,krum,hot_block,0.6,31.23443558094434,81.57299090985774
47644,8,robustness,multi_krum,hot_block,0.6,3.6872240010917126,81.57299090985295
47644,8,robustness,sum,hot_block,1.0,0.8233012828180273,81.57299090985289
47644,8,robustness,median,hot_block,1.0,9.773398628795649,81.57299090862715
47644,8,robustness,trimmed_mean,hot_block,1.0,1.1743050824990298,81.57299090985228
47644,8,robustness,geometric_median,hot_block,1.0,17.53121533719061,81.57299090985359
47644,8,robustness,krum,hot_block,1.0,31.23443558094434,81.57299090985774
47644,8,robustness,multi_krum,hot_block,1.0,3.6872240010917126,81.57299090985295
