repeat,method,mode,amplitude,pi_s,limit_user0,far_user0,power_user0,auc_user0,det_ttf_user0,limit_user1,far_user1,power_user1,auc_user1,det_ttf_user1,limit_user2,far_user2,power_user2,auc_user2,det_ttf_user2,precision,recall
0,clean,none,0.0,0.0,60.856674431387205,0.42857142857142855,0.8636363636363636,0.8506493506493507,32.0,86.94328759943302,0.42857142857142855,1.0,0.96,35.0,124.27922841020337,0.5,0.9259259259259259,0.8796296296296297,36.0,,
0,baseline,hot_block,10.0,0.3,68.63656443476407,0.2857142857142857,0.6818181818181818,0.8246753246753247,31.0,86.9476483283012,0.42857142857142855,1.0,0.96,35.0,124.27922633059723,0.5,0.9259259259259259,0.8796296296296297,36.0,,
0,rftl_s,hot_block,10.0,0.3,60.73643804601042,0.42857142857142855,0.9090909090909091,0.8506493506493507,32.0,86.9577201267889,0.42857142857142855,1.0,0.9657142857142857,35.0,124.27939726047933,0.5,0.9259259259259259,0.8796296296296297,36.0,1.0,1.0
0,baseline,hot_block,10.0,0.6,58.41338525380122,0.5714285714285714,0.8636363636363636,0.7922077922077922,32.0,86.94328759940437,0.42857142857142855,1.0,0.96,35.0,124.27922841020192,0.5,0.9259259259259259,0.8796296296296297,36.0,,
0,rftl_s,hot_block,10.0,0.6,58.4133852538678,0.5714285714285714,0.8636363636363636,0.7922077922077922,32.0,86.94328758137675,0.42857142857142855,1.0,0.96,35.0,124.27922841020782,0.5,0.9259259259259259,0.8796296296296297,36.0,0.0,0.0
0,baseline,stripe,10.0,0.3,62.34079038279295,0.42857142857142855,0.8181818181818182,0.8116883116883117,31.0,86.94328759942309,0.42857142857142855,1.0,0.96,35.0,124.27922841017846,0.5,0.9259259259259259,0.8796296296296297,36.0,,
0,rftl_s,stripe,10.0,0.3,62.34079038255656,0.42857142857142855,0.8181818181818182,0.8116883116883117,31.0,86.94328757153441,0.42857142857142855,1.0,0.96,35.0,124.27922841037002,0.5,0.9259259259259259,0.8796296296296297,36.0,0.0,0.0
0,baseline,stripe,10.0,0.6,64.51863481015135,0.42857142857142855,0.7727272727272727,0.8246753246753247,31.0,86.94328759959933,0.42857142857142855,1.0,0.96,35.0,124.2792284102168,0.5,0.9259259259259259,0.8796296296296297,36.0,,
0,rftl_s,stripe,10.0,0.6,64.51863481031215,0.42857142857142855,0.7727272727272727,0.8246753246753247,31.0,86.94328759942564,0.42857142857142855,1.0,0.96,35.0,124.27922841019725,0.5,0.9259259259259259,0.8796296296296297,36.0,0.0,0.0
1,clean,none,0.0,0.0,58.02220142007043,0.7142857142857143,1.0,0.8246753246753247,32.0,91.24381246307289,0.42857142857142855,0.88,0.8914285714285713,32.0,129.37676884066144,0.375,0.9259259259259259,0.9351851851851851,28.0,,
1,baseline,hot_block,10.0,0.3,70.40274982481597,0.14285714285714285,0.5909090909090909,0.7792207792207793,30.0,91.24381246304843,0.42857142857142855,0.88,0.8914285714285713,32.0,129.3767688406702,0.375,0.9259259259259259,0.9351851851851851,28.0,,
1,rftl_s,hot_block,10.0,0.3,70.40274982482396,0.14285714285714285,0.5909090909090909,0.7792207792207793,30.0,91.24381246309788,0.42857142857142855,0.88,0.8914285714285713,32.0,129.37676884064052,0.375,0.9259259259259259,0.9351851851851851,28.0,0.0,0.0
1,baseline,hot_block,10.0,0.6,2317.8826825258643,0.0,0.0,0.7142857142857142,,277.3751604548711,0.0,0.32,0.7485714285714287,23.0,347.2614585747107,0.0,0.5555555555555556,0.9259259259259259,28.0,,
1,rftl_s,hot_block,10.0,0.6,179.11148699543298,0.0,0.09090909090909091,0.7857142857142856,17.0,104.99603348210266,0.2857142857142857,0.8,0.88,31.0,144.51022964143596,0.125,0.8518518518518519,0.9490740740740741,28.0,1.0,1.0
1,baseline,stripe,10.0,0.3,58.50120073409586,0.7142857142857143,1.0,0.8051948051948051,32.0,91.21731759830004,0.42857142857142855,0.88,0.8914285714285713,32.0,129.379905936233,0.375,0.9259259259259259,0.9351851851851851,28.0,,
1,rftl_s,stripe,10.0,0.3,58.50978211659023,0.7142857142857143,1.0,0.8051948051948051,32.0,91.243812463121,0.42857142857142855,0.88,0.8914285714285713,32.0,129.88256151181096,0.375,0.9259259259259259,0.9444444444444444,28.0,0.0,0.0
1,baseline,stripe,10.0,0.6,59.697051666003844,0.7142857142857143,1.0,0.7922077922077922,32.0,91.24381384912127,0.42857142857142855,0.88,0.8914285714285713,32.0,129.37676884064356,0.375,0.9259259259259259,0.9351851851851851,28.0,,
1,rftl_s,stripe,10.0,0.6,59.69705166593307,0.7142857142857143,1.0,0.7922077922077922,32.0,91.2438050946879,0.42857142857142855,0.88,0.8914285714285713,32.0,129.3767688405979,0.375,0.9259259259259259,0.9351851851851851,28.0,0.0,0.0
2,clean,none,0.0,0.0,54.44919441622027,0.8571428571428571,0.9545454545454546,0.6623376623376623,32.0,93.92584687166621,0.375,0.875,0.8697916666666666,31.0,135.25886407772103,0.2222222222222222,0.7692307692307693,0.9188034188034188,33.0,,
2,baseline,hot_block,10.0,0.3,316.0964269415769,0.0,0.0,0.7077922077922078,,98.20716220859511,0.5,0.875,0.84375,31.0,136.25870736833787,0.2222222222222222,0.8076923076923077,0.888888888888889,33.0,,
2,rftl_s,hot_block,10.0,0.3,72.98018854058253,0.14285714285714285,0.45454545454545453,0.7272727272727273,32.0,93.92584687161187,0.375,0.875,0.8697916666666666,31.0,135.2588640777381,0.2222222222222222,0.7692307692307693,0.9188034188034188,33.0,0.0,0.0
2,baseline,hot_block,10.0,0.6,59.626969440118934,0.5714285714285714,0.8636363636363636,0.7467532467532467,32.0,93.92584687160864,0.375,0.875,0.8697916666666666,31.0,135.25886407762783,0.2222222222222222,0.7692307692307693,0.9188034188034188,33.0,,
2,rftl_s,hot_block,10.0,0.6,59.62696944014407,0.5714285714285714,0.8636363636363636,0.7467532467532467,32.0,93.92584687162727,0.375,0.875,0.8697916666666666,31.0,135.2588640777661,0.2222222222222222,0.7692307692307693,0.9188034188034188,33.0,0.0,0.0
2,baseline,stripe,10.0,0.3,54.44532698364997,0.7142857142857143,0.9545454545454546,0.6948051948051949,32.0,93.92584687171018,0.375,0.875,0.8697916666666666,31.0,135.25886407767086,0.2222222222222222,0.7692307692307693,0.9188034188034188,33.0,,
2,rftl_s,stripe,10.0,0.3,54.44532698358931,0.7142857142857143,0.9545454545454546,0.6948051948051949,32.0,93.92584687165589,0.375,0.875,0.8697916666666666,31.0,135.25886407775997,0.2222222222222222,0.7692307692307693,0.9188034188034188,33.0,0.0,0.0
2,baseline,stripe,10.0,0.6,55.064629726094786,0.7142857142857143,0.9090909090909091,0.6818181818181818,32.0,93.92584687165906,0.375,0.875,0.8697916666666666,31.0,135.25886407769445,0.2222222222222222,0.7692307692307693,0.9188034188034188,33.0,,
2,rftl_s,stripe,10.0,0.6,55.064629726118625,0.7142857142857143,0.9090909090909091,0.6818181818181818,32.0,93.92584687166556,0.375,0.875,0.8697916666666666,31.0,135.2588640777878,0.2222222222222222,0.7692307692307693,0.9188034188034188,33.0,0.0,0.0
3,clean,none,0.0,0.0,60.77732672173554,0.75,0.8421052631578947,0.7171052631578947,31.0,97.91489876458081,0.42857142857142855,0.88,0.822857142857143,31.0,134.0288283111135,0.5,0.9629629629629629,0.9398148148148148,30.0,,
3,baseline,hot_block,10.0,0.3,75.96763140441234,0.125,0.5789473684210527,0.7960526315789473,28.0,97.9148987740756,0.42857142857142855,0.88,0.822857142857143,31.0,134.02882831105921,0.5,0.9629629629629629,0.9398148148148148,30.0,,
3,rftl_s,hot_block,10.0,0.3,75.91831495688109,0.125,0.5789473684210527,0.7960526315789473,28.0,97.9148987645161,0.42857142857142855,0.88,0.822857142857143,31.0,134.0288283110979,0.5,0.9629629629629629,0.9398148148148148,30.0,1.0,0.5
3,baseline,hot_block,10.0,0.6,58.246442712209486,0.75,0.9473684210526315,0.7302631578947368,31.0,97.91807279829138,0.42857142857142855,0.88,0.822857142857143,31.0,134.0288578959167,0.5,0.9629629629629629,0.9398148148148148,30.0,,
3,rftl_s,hot_block,10.0,0.6,60.49259825164288,0.75,0.8421052631578947,0.7302631578947367,31.0,97.91489876458935,0.42857142857142855,0.88,0.822857142857143,31.0,134.02882831109275,0.5,0.9629629629629629,0.9398148148148148,30.0,1.0,1.0
3,baseline,stripe,10.0,0.3,57.460141096862024,0.75,0.9473684210526315,0.736842105263158,33.0,97.91489876420654,0.42857142857142855,0.88,0.822857142857143,31.0,134.0288283110903,0.5,0.9629629629629629,0.9398148148148148,30.0,,
3,rftl_s,stripe,10.0,0.3,57.46014109699857,0.75,0.9473684210526315,0.736842105263158,33.0,97.91489876458414,0.42857142857142855,0.88,0.822857142857143,31.0,134.0288283111163,0.5,0.9629629629629629,0.9398148148148148,30.0,0.0,0.0
3,baseline,stripe,10.0,0.6,60.051669114544694,0.625,0.8947368421052632,0.7236842105263157,31.0,97.91489938717393,0.42857142857142855,0.88,0.822857142857143,31.0,134.02882831112268,0.5,0.9629629629629629,0.9398148148148148,30.0,,
3,rftl_s,stripe,10.0,0.6,60.05166911446466,0.625,0.8947368421052632,0.7236842105263157,31.0,97.91489731526802,0.42857142857142855,0.88,0.822857142857143,31.0,134.02882831109625,0.5,0.9629629629629629,0.9398148148148148,30.0,0.0,0.0
4,clean,none,0.0,0.0,59.71268987798058,0.2857142857142857,0.8,0.85,31.0,84.31798771026257,0.5714285714285714,1.0,0.9199999999999999,34.0,119.18249274006995,0.5,0.8518518518518519,0.912037037037037,31.0,,
4,baseline,hot_block,10.0,0.3,74.1548339162392,0.0,0.4,0.8785714285714286,29.0,84.31823429546135,0.5714285714285714,1.0,0.9199999999999999,34.0,119.18249274008048,0.5,0.8518518518518519,0.912037037037037,31.0,,
4,rftl_s,hot_block,10.0,0.3,74.15483391621801,0.0,0.4,0.8785714285714286,29.0,84.31798771026274,0.5714285714285714,1.0,0.9199999999999999,34.0,119.18249274006932,0.5,0.8518518518518519,0.912037037037037,31.0,0.0,0.0
4,baseline,hot_block,10.0,0.6,414.05833051096954,0.0,0.0,0.8928571428571428,,100.79590115365197,0.14285714285714285,0.84,0.9028571428571428,34.0,139.13807609355786,0.25,0.8518518518518519,0.8935185185185186,31.0,,
4,rftl_s,hot_block,10.0,0.6,900.3259938243148,0.0,0.0,0.9214285714285714,,153.20279968815748,0.0,0.4,0.8685714285714285,34.0,203.08663161725343,0.0,0.4074074074074074,0.8796296296296297,30.0,1.0,1.0
4,baseline,stripe,10.0,0.3,59.01417119353405,0.42857142857142855,0.95,0.9071428571428571,32.0,84.31798771025795,0.5714285714285714,1.0,0.9199999999999999,34.0,119.18249274009364,0.5,0.8518518518518519,0.912037037037037,31.0,,
4,rftl_s,stripe,10.0,0.3,59.01417119351764,0.42857142857142855,0.95,0.9071428571428571,32.0,84.3179877102468,0.5714285714285714,1.0,0.9199999999999999,34.0,119.18249274009732,0.5,0.8518518518518519,0.912037037037037,31.0,0.0,0.0
4,baseline,stripe,10.0,0.6,61.63231856034358,0.14285714285714285,0.85,0.9142857142857143,31.0,84.31798771025899,0.5714285714285714,1.0,0.9199999999999999,34.0,119.18249274006482,0.5,0.8518518518518519,0.912037037037037,31.0,,
4,rftl_s,stripe,10.0,0.6,61.63231856036631,0.14285714285714285,0.85,0.9142857142857143,31.0,84.31798771026254,0.5714285714285714,1.0,0.9199999999999999,34.0,119.18249274006978,0.5,0.8518518518518519,0.912037037037037,31.0,0.0,0.0
